post_id,flag_type,count,evidence,created_at
1940361849985458270,position_disclosure,1,,2026-06-14T10:17:25.615Z
1940512568654942602,position_disclosure,1,,2026-06-14T10:17:27.102Z
1940696557151781335,position_disclosure,1,,2026-06-14T10:17:27.390Z
1942222651151548657,position_disclosure,1,,2026-06-14T10:17:28.540Z
1947207626930225347,position_disclosure,1,,2026-06-14T10:17:29.286Z
1947298901108957475,position_disclosure,1,,2026-06-14T10:17:30.559Z
1947897807115063386,position_disclosure,1,,2026-06-14T10:17:30.702Z
1949746557253030018,position_disclosure,1,,2026-06-14T10:17:31.613Z
1949746559912132787,position_disclosure,1,,2026-06-14T10:17:31.901Z
1949746562495840726,position_disclosure,1,,2026-06-14T10:17:32.068Z
1950838489257480592,position_disclosure,1,,2026-06-14T10:17:32.963Z
1965095562484859268,position_disclosure,1,,2026-06-14T10:17:41.266Z
1965095562484859268,self_reported_returns,1,,2026-06-14T10:17:41.266Z
1965419413324398995,position_disclosure,1,,2026-06-14T10:17:43.194Z
1965451719078527468,position_disclosure,1,,2026-06-14T10:17:43.543Z
1965474382312341511,position_disclosure,1,,2026-06-14T10:17:43.722Z
1965616975759147037,position_disclosure,1,,2026-06-14T10:17:44.799Z
1965631526269542742,position_disclosure,1,,2026-06-14T10:17:45.091Z
1965631526269542742,self_reported_returns,1,,2026-06-14T10:17:45.091Z
1965742967857295560,position_disclosure,1,,2026-06-14T10:17:46.077Z
1965821528744014328,position_disclosure,1,,2026-06-14T10:17:50.863Z
1965821528744014328,self_reported_returns,1,,2026-06-14T10:17:50.873Z
1966564150035030439,position_disclosure,1,,2026-06-14T10:17:54.148Z
1967200142525956510,victory_lap,1,,2026-06-14T10:17:54.614Z
1967224563688968602,victory_lap,1,,2026-06-14T10:17:54.810Z
1968009243543629855,position_disclosure,1,,2026-06-14T10:18:00.252Z
1968012660898926699,position_disclosure,1,,2026-06-14T10:18:00.691Z
1968688262664568867,position_disclosure,1,,2026-06-14T10:18:09.134Z
1968691951256920094,position_disclosure,1,,2026-06-14T10:18:09.312Z
1968701372825579919,position_disclosure,1,,2026-06-14T10:18:09.584Z
1968726977801605248,position_disclosure,1,,2026-06-14T10:18:09.996Z
1968793503032316220,victory_lap,1,,2026-06-14T10:18:10.949Z
1969092270365307350,position_disclosure,1,,2026-06-14T10:18:12.569Z
1969092270365307350,self_reported_returns,1,,2026-06-14T10:18:12.569Z
1969115361736896720,position_disclosure,1,,2026-06-14T10:18:12.873Z
1969153398034366747,victory_lap,1,,2026-06-14T10:18:13.316Z
1969858558574670206,position_disclosure,1,,2026-06-14T10:18:15.965Z
1969858558574670206,victory_lap,1,,2026-06-14T10:18:15.965Z
1970179487452274982,position_disclosure,1,,2026-06-14T10:18:16.646Z
1970222671431639091,position_disclosure,1,,2026-06-14T10:18:17.808Z
1970880728994107816,position_disclosure,1,,2026-06-14T10:18:21.409Z
1970890435439763678,position_disclosure,1,,2026-06-14T10:18:22.554Z
1970908938796400881,self_reported_returns,1,,2026-06-14T10:18:23.999Z
1970908938796400881,position_disclosure,1,,2026-06-14T10:18:23.999Z
1970989606490542590,position_disclosure,1,,2026-06-14T10:18:24.794Z
1970989606490542590,self_reported_returns,1,,2026-06-14T10:18:24.794Z
1970995733659779574,self_reported_returns,1,,2026-06-14T10:18:25.079Z
1970995733659779574,position_disclosure,1,,2026-06-14T10:18:25.079Z
1971002983640170915,position_disclosure,1,,2026-06-14T10:18:25.377Z
1971012935117046182,position_disclosure,1,,2026-06-14T10:18:26.156Z
1971279115027419438,victory_lap,1,,2026-06-14T10:18:28.827Z
1971279115027419438,position_disclosure,1,,2026-06-14T10:18:28.827Z
1971323466851967284,position_disclosure,1,,2026-06-14T10:18:31.285Z
1971405835038539791,position_disclosure,1,,2026-06-14T10:18:33.180Z
1971599988204634554,position_disclosure,1,,2026-06-14T10:18:35.394Z
1971611556489404729,position_disclosure,1,,2026-06-14T10:18:36.265Z
1971617950982721970,position_disclosure,1,,2026-06-14T10:18:37.216Z
1971626079732617404,position_disclosure,1,,2026-06-14T10:18:37.626Z
1971627637761364157,victory_lap,1,,2026-06-14T10:18:37.967Z
1971635427347181996,position_disclosure,1,,2026-06-14T10:18:38.142Z
1971668048588558518,position_disclosure,1,,2026-06-14T10:18:38.387Z
1972016308662513748,self_reported_returns,1,,2026-06-14T10:18:41.369Z
1972016308662513748,position_disclosure,1,,2026-06-14T10:18:41.369Z
1972034079425286595,position_disclosure,1,,2026-06-14T10:18:42.363Z
1972045608237293816,position_disclosure,1,,2026-06-14T10:18:44.032Z
1972089217410126279,position_disclosure,1,,2026-06-14T10:18:45.007Z
1972148572281078088,position_disclosure,1,,2026-06-14T10:18:46.513Z
1972415249195368822,position_disclosure,1,,2026-06-14T10:18:48.901Z
1972677721290682505,position_disclosure,1,,2026-06-14T10:18:50.482Z
1972703562263306387,position_disclosure,1,,2026-06-14T10:18:51.047Z
1972769926302855553,position_disclosure,1,,2026-06-14T10:18:55.697Z
1972772140282986553,position_disclosure,1,,2026-06-14T10:18:56.372Z
1973106368988193095,position_disclosure,1,,2026-06-14T10:19:02.440Z
1973203447022493959,position_disclosure,1,,2026-06-14T10:19:04.805Z
1973509630384021560,position_disclosure,1,,2026-06-14T10:19:08.559Z
1973695110299926836,position_disclosure,1,,2026-06-14T10:19:11.509Z
1973799361332326443,position_disclosure,1,,2026-06-14T10:19:12.511Z
1973818528122958040,position_disclosure,1,,2026-06-14T10:19:14.283Z
1973830828355645637,position_disclosure,1,,2026-06-14T10:19:15.147Z
1973922891050914235,self_reported_returns,1,,2026-06-14T10:19:16.267Z
1973922891050914235,position_disclosure,1,,2026-06-14T10:19:16.269Z
1974151073230434622,position_disclosure,1,,2026-06-14T10:19:16.887Z
1974193295317479663,position_disclosure,1,,2026-06-14T10:19:18.255Z
1974581177517498718,position_disclosure,1,,2026-06-14T10:19:25.452Z
1975043197576610120,position_disclosure,1,,2026-06-14T10:19:26.984Z
1975294794370064468,position_disclosure,1,,2026-06-14T10:19:31.514Z
1975321610090651810,victory_lap,1,,2026-06-14T10:19:32.438Z
1975321610090651810,position_disclosure,1,,2026-06-14T10:19:32.440Z
1975327662903337144,position_disclosure,1,,2026-06-14T10:19:34.306Z
1975334113726079397,position_disclosure,1,,2026-06-14T10:19:34.506Z
1975373671675084993,position_disclosure,1,,2026-06-14T10:19:36.494Z
1975375183902113930,position_disclosure,1,,2026-06-14T10:19:36.661Z
1975647344197837015,position_disclosure,1,,2026-06-14T10:19:40.953Z
1975929128114377050,position_disclosure,1,,2026-06-14T10:19:42.734Z
1975956589225111844,position_disclosure,1,,2026-06-14T10:19:44.447Z
1975980150228713769,position_disclosure,1,,2026-06-14T10:19:45.221Z
1975980150228713769,self_reported_returns,1,,2026-06-14T10:19:45.224Z
1975988773277270355,position_disclosure,1,,2026-06-14T10:19:45.555Z
1975993237983936575,victory_lap,1,,2026-06-14T10:19:45.719Z
1976006587765395592,position_disclosure,1,,2026-06-14T10:19:46.467Z
1976042126845853876,position_disclosure,1,,2026-06-14T10:19:48.126Z
1976043275946758208,position_disclosure,1,,2026-06-14T10:19:48.435Z
1976044610075099407,position_disclosure,1,,2026-06-14T10:19:48.745Z
1976370622633755115,self_reported_returns,1,,2026-06-14T10:19:50.259Z
1976370622633755115,position_disclosure,1,,2026-06-14T10:19:50.273Z
1976429859925811426,victory_lap,1,,2026-06-14T10:19:50.417Z
1976429859925811426,position_disclosure,1,,2026-06-14T10:19:50.417Z
1976429859925811426,self_reported_returns,1,,2026-06-14T10:19:50.417Z
1976440281315881100,position_disclosure,1,,2026-06-14T10:19:51.420Z
1976662977106596031,position_disclosure,1,,2026-06-14T10:19:52.710Z
1976673663509508249,position_disclosure,1,,2026-06-14T10:19:54.802Z
1976710335433523330,position_disclosure,1,,2026-06-14T10:19:56.009Z
1977513528409075787,position_disclosure,1,,2026-06-14T10:20:13.329Z
1977518059490583005,position_disclosure,1,,2026-06-14T10:20:13.892Z
1977764021815415233,position_disclosure,1,,2026-06-14T10:20:14.333Z
1977885886650913212,position_disclosure,1,,2026-06-14T10:20:17.302Z
1978414753660780859,position_disclosure,1,,2026-06-14T10:20:27.288Z
1979201376115921139,position_disclosure,1,,2026-06-14T10:20:37.958Z
1979242291756961839,position_disclosure,1,,2026-06-14T10:20:39.107Z
1979346235606863918,position_disclosure,1,,2026-06-14T10:20:39.677Z
1979346235606863918,influence_milestone,1,,2026-06-14T10:20:39.682Z
1979685872800010548,position_disclosure,1,,2026-06-14T10:20:40.717Z
1979724547441271073,position_disclosure,1,,2026-06-14T10:20:41.981Z
1979786985708687795,position_disclosure,1,,2026-06-14T10:20:42.582Z
1980287888077312390,position_disclosure,1,,2026-06-14T10:20:52.007Z
1980294395342868793,position_disclosure,1,,2026-06-14T10:20:52.657Z
1981009544546591207,position_disclosure,1,,2026-06-14T10:20:57.056Z
1981016959006482900,position_disclosure,1,,2026-06-14T10:20:57.907Z
1981504873943416854,position_disclosure,1,,2026-06-14T10:21:03.304Z
1981506756955254934,position_disclosure,1,,2026-06-14T10:21:03.474Z
1981981029029298374,position_disclosure,1,,2026-06-14T10:21:06.023Z
1982022999382675836,position_disclosure,1,,2026-06-14T10:21:08.570Z
1982428584431251483,position_disclosure,1,,2026-06-14T10:21:10.215Z
1982715174957232259,position_disclosure,1,,2026-06-14T10:21:13.945Z
1982941541430898743,position_disclosure,1,,2026-06-14T10:21:15.404Z
1982944758348795987,position_disclosure,1,,2026-06-14T10:21:15.582Z
1982944983436218381,self_reported_returns,1,,2026-06-14T10:21:15.735Z
1982949630674625014,position_disclosure,1,,2026-06-14T10:21:16.112Z
1983099925639639254,position_disclosure,1,,2026-06-14T10:21:18.584Z
1983125674455117836,position_disclosure,1,,2026-06-14T10:21:19.793Z
1983168146124292219,position_disclosure,1,,2026-06-14T10:21:21.340Z
1983474835578909158,position_disclosure,1,,2026-06-14T10:21:27.129Z
1984837960735285593,position_disclosure,1,,2026-06-14T10:21:38.897Z
1985952468266860967,position_disclosure,1,,2026-06-14T10:21:55.212Z
1985989016219508993,position_disclosure,1,,2026-06-14T10:21:55.927Z
1986042647056646477,position_disclosure,1,,2026-06-14T10:21:56.063Z
1987025387663335851,paid_promotion_disclosure,1,,2026-06-14T10:22:03.872Z
1987659186923262350,position_disclosure,1,,2026-06-14T10:22:05.532Z
1988632241229250795,position_disclosure,1,,2026-06-14T10:22:11.783Z
1988636168469324003,position_disclosure,1,,2026-06-14T10:22:12.258Z
1988638368482083035,position_disclosure,1,,2026-06-14T10:22:12.562Z
1988653150644105602,position_disclosure,1,,2026-06-14T10:22:14.216Z
1989201148432248888,position_disclosure,1,,2026-06-14T10:22:17.642Z
1989324982233776303,position_disclosure,1,,2026-06-14T10:22:21.111Z
1989337423193723093,position_disclosure,1,,2026-06-14T10:22:22.452Z
1989561104578580789,position_disclosure,1,,2026-06-14T10:22:28.098Z
1992188194821988700,position_disclosure,1,,2026-06-14T10:23:05.061Z
1992685458053312968,position_disclosure,1,,2026-06-14T10:23:10.417Z
1992692991816048807,position_disclosure,1,,2026-06-14T10:23:10.808Z
1995543748353347989,position_disclosure,1,,2026-06-14T10:23:40.369Z
1995546513305751984,position_disclosure,1,,2026-06-14T10:23:40.719Z
1995559972525294001,position_disclosure,1,,2026-06-14T10:23:40.903Z
1995644085563261034,position_disclosure,1,,2026-06-14T10:23:41.649Z
1995730253608898726,position_disclosure,1,,2026-06-14T10:23:43.508Z
1995876087461806339,position_disclosure,1,,2026-06-14T10:23:44.952Z
1995876087461806339,self_reported_returns,1,,2026-06-14T10:23:44.967Z
1998057580472729941,position_disclosure,1,,2026-06-14T10:24:06.455Z
1999248269441138721,position_disclosure,1,,2026-06-14T10:24:27.022Z
1999302699683336607,position_disclosure,1,,2026-06-14T10:24:27.751Z
1999327731478331891,position_disclosure,1,,2026-06-14T10:24:28.060Z
1999565528235671806,position_disclosure,1,,2026-06-14T10:24:29.059Z
2000711635346792803,position_disclosure,1,,2026-06-14T10:24:36.070Z
2002392267311739320,position_disclosure,1,,2026-06-14T10:24:49.189Z
2002392267311739320,victory_lap,1,,2026-06-14T10:24:49.221Z
2002603648170238353,position_disclosure,1,,2026-06-14T10:24:54.403Z
2002718408652079206,position_disclosure,1,,2026-06-14T10:24:55.749Z
2002886827422978197,position_disclosure,1,,2026-06-14T10:24:56.274Z
2002968528643854846,position_disclosure,1,,2026-06-14T10:24:57.989Z
2003088229147533645,position_disclosure,1,,2026-06-14T10:25:00.135Z
2004574162283802728,position_disclosure,1,,2026-06-14T10:25:06.666Z
2006469294528540801,position_disclosure,1,,2026-06-14T10:25:22.624Z
2008240303220892044,position_disclosure,1,,2026-06-14T10:26:00.032Z
2008454507823591467,position_disclosure,1,,2026-06-14T10:26:02.388Z
2008501407247376433,position_disclosure,1,,2026-06-14T10:26:02.771Z
2008504206475616633,position_disclosure,1,,2026-06-14T10:26:02.923Z
2008854319806787681,position_disclosure,1,,2026-06-14T10:26:05.581Z
2008885741066375328,position_disclosure,1,,2026-06-14T10:26:06.673Z
2008910857003221451,position_disclosure,1,,2026-06-14T10:26:06.938Z
2009275961003426050,position_disclosure,1,,2026-06-14T10:26:10.927Z
2009277084875538708,position_disclosure,1,,2026-06-14T10:26:11.083Z
2009555729645211855,position_disclosure,1,,2026-06-14T10:26:14.866Z
2009567495796265302,position_disclosure,1,,2026-06-14T10:26:15.169Z
2009623958640078891,position_disclosure,1,,2026-06-14T10:26:16.412Z
2009637599661510665,position_disclosure,1,,2026-06-14T10:26:16.679Z
2009689623015108831,position_disclosure,1,,2026-06-14T10:26:18.164Z
2009702902420652084,position_disclosure,1,,2026-06-14T10:26:18.676Z
2010000327123317051,position_disclosure,1,,2026-06-14T10:26:20.657Z
2010077751538266218,position_disclosure,1,,2026-06-14T10:26:21.935Z
2010579253444927876,position_disclosure,1,,2026-06-14T10:26:23.407Z
2010590351032209424,position_disclosure,1,,2026-06-14T10:26:23.764Z
2010669985291522392,victory_lap,1,,2026-06-14T10:26:25.211Z
2010670771698561130,victory_lap,1,,2026-06-14T10:26:25.544Z
2010744347189547249,position_disclosure,1,,2026-06-14T10:26:26.109Z
2010744347189547249,victory_lap,1,,2026-06-14T10:26:26.123Z
2011114186265513999,position_disclosure,1,,2026-06-14T10:26:30.689Z
2011323464305848672,victory_lap,1,,2026-06-14T10:26:32.751Z
2011323464305848672,position_disclosure,1,,2026-06-14T10:26:32.760Z
2011353420649623561,victory_lap,1,,2026-06-14T10:26:34.260Z
2011455204374577469,position_disclosure,1,,2026-06-14T10:26:35.336Z
2011496801548058735,position_disclosure,1,,2026-06-14T10:26:35.880Z
2011544724847673787,position_disclosure,1,,2026-06-14T10:26:37.253Z
2011732705063682155,position_disclosure,1,,2026-06-14T10:26:37.933Z
2011834016409010283,position_disclosure,1,,2026-06-14T10:26:38.291Z
2011892589109395927,victory_lap,1,,2026-06-14T10:26:40.032Z
2012071822481900030,position_disclosure,1,,2026-06-14T10:26:41.473Z
2012130466367713552,position_disclosure,1,,2026-06-14T10:26:42.593Z
2012199466166616492,position_disclosure,1,,2026-06-14T10:26:43.210Z
2012225583741063567,position_disclosure,1,,2026-06-14T10:26:45.175Z
2012316373482140144,position_disclosure,1,,2026-06-14T10:26:45.741Z
2012458647192994053,position_disclosure,1,,2026-06-14T10:26:46.304Z
2012492311092244821,position_disclosure,1,,2026-06-14T10:26:46.879Z
2012504457721074090,position_disclosure,1,,2026-06-14T10:26:47.533Z
2012827175314239662,position_disclosure,1,,2026-06-14T10:26:48.500Z
2013382311056642527,position_disclosure,1,,2026-06-14T10:26:59.269Z
2013621368831778896,position_disclosure,1,,2026-06-14T10:27:03.771Z
2013640586893406716,position_disclosure,1,,2026-06-14T10:27:04.206Z
2013644584841101483,position_disclosure,1,,2026-06-14T10:27:04.367Z
2013664829282599094,position_disclosure,1,,2026-06-14T10:27:04.826Z
2013668604022083930,victory_lap,1,,2026-06-14T10:27:05.437Z
2013671083283485165,position_disclosure,1,,2026-06-14T10:27:05.827Z
2013691795130228801,position_disclosure,1,,2026-06-14T10:27:06.369Z
2013895541277762034,position_disclosure,1,,2026-06-14T10:27:07.411Z
2013947011490615486,position_disclosure,1,,2026-06-14T10:27:08.078Z
2014002413146173863,position_disclosure,1,,2026-06-14T10:27:08.999Z
2014354847202681059,position_disclosure,1,,2026-06-14T10:27:11.774Z
2014444695821472218,position_disclosure,1,,2026-06-14T10:27:14.010Z
2014505817509355841,position_disclosure,1,,2026-06-14T10:27:14.929Z
2014731960418238574,position_disclosure,1,,2026-06-14T10:27:15.376Z
2014819163827798511,victory_lap,1,,2026-06-14T10:27:17.290Z
2014827531434918393,position_disclosure,1,,2026-06-14T10:27:17.624Z
2014829027698344050,position_disclosure,1,,2026-06-14T10:27:17.728Z
2015152332821217305,position_disclosure,1,,2026-06-14T10:27:29.180Z
2015164232795627975,position_disclosure,1,,2026-06-14T10:27:31.613Z
2015225130956546426,influence_milestone,1,,2026-06-14T10:27:32.051Z
2015225130956546426,position_disclosure,1,,2026-06-14T10:27:32.062Z
2015506107075264735,position_disclosure,1,,2026-06-14T10:27:34.463Z
2016129326824227195,position_disclosure,1,,2026-06-14T10:27:37.934Z
2016133921411568064,position_disclosure,1,,2026-06-14T10:27:38.201Z
2016182596821196907,position_disclosure,1,,2026-06-14T10:27:39.158Z
2016507338778390781,position_disclosure,1,,2026-06-14T10:27:43.578Z
2016622769040216098,position_disclosure,1,,2026-06-14T10:27:45.059Z
2016636028262690902,victory_lap,1,,2026-06-14T10:27:45.237Z
2016885874072736154,position_disclosure,1,,2026-06-14T10:27:47.040Z
2016921538780680402,position_disclosure,1,,2026-06-14T10:27:47.607Z
2016976274573713441,position_disclosure,1,,2026-06-14T10:27:48.918Z
2017064502983086289,position_disclosure,1,,2026-06-14T10:27:49.451Z
2017097752535322767,position_disclosure,1,,2026-06-14T10:27:49.829Z
2017262857017258345,position_disclosure,1,,2026-06-14T10:27:49.955Z
2017269310042124617,position_disclosure,1,,2026-06-14T10:27:50.986Z
2017273281800532479,victory_lap,1,,2026-06-14T10:27:51.122Z
2017273281800532479,position_disclosure,1,,2026-06-14T10:27:51.122Z
2017340615512687075,position_disclosure,1,,2026-06-14T10:27:53.521Z
2017357243134709963,position_disclosure,1,,2026-06-14T10:27:53.786Z
2017403375181316604,position_disclosure,1,,2026-06-14T10:27:54.094Z
2018233596918554931,position_disclosure,1,,2026-06-14T10:28:02.142Z
2018238476303626710,position_disclosure,1,,2026-06-14T10:28:03.798Z
2018390892621783513,position_disclosure,1,,2026-06-14T10:28:04.850Z
2018559372033708259,position_disclosure,1,,2026-06-14T10:28:08.429Z
2018988770876637614,position_disclosure,1,,2026-06-14T10:28:12.189Z
2019147087141802380,position_disclosure,1,,2026-06-14T10:28:12.780Z
2019203090931675298,position_disclosure,1,,2026-06-14T10:28:16.320Z
2019554444837564632,position_disclosure,1,,2026-06-14T10:28:18.113Z
2019624925359927665,position_disclosure,1,,2026-06-14T10:28:19.590Z
2019959464544333916,victory_lap,1,,2026-06-14T10:28:26.364Z
2019962908864925941,position_disclosure,1,,2026-06-14T10:28:26.744Z
2020258804953411966,position_disclosure,1,,2026-06-14T10:28:31.587Z
2020262167615086599,position_disclosure,1,,2026-06-14T10:28:32.182Z
2020271358048104901,position_disclosure,1,,2026-06-14T10:28:34.434Z
2020441228379361687,victory_lap,1,,2026-06-14T10:28:35.072Z
2020920592250368235,victory_lap,1,,2026-06-14T10:28:36.787Z
2020926882624176300,position_disclosure,1,,2026-06-14T10:28:37.082Z
2020941147636728186,position_disclosure,1,,2026-06-14T10:28:37.554Z
2021359576575246505,position_disclosure,1,,2026-06-14T10:28:40.355Z
2021380669625205217,position_disclosure,1,,2026-06-14T10:28:41.089Z
2021469143694967038,position_disclosure,1,,2026-06-14T10:28:43.258Z
2021805961028284558,self_reported_returns,1,,2026-06-14T10:28:45.882Z
2021805961028284558,position_disclosure,1,,2026-06-14T10:28:45.887Z
2021937198799733148,position_disclosure,1,,2026-06-14T10:28:46.231Z
2022972380679950518,position_disclosure,1,,2026-06-14T10:28:49.735Z
2023226905521160327,position_disclosure,1,,2026-06-14T10:28:58.444Z
2024135345542242531,position_disclosure,1,,2026-06-14T10:29:09.443Z
2024147309949551096,position_disclosure,1,,2026-06-14T10:29:09.987Z
2024152280975725012,position_disclosure,1,,2026-06-14T10:29:10.341Z
2024162618211258653,position_disclosure,1,,2026-06-14T10:29:10.597Z
2024323887375466880,position_disclosure,1,,2026-06-14T10:29:12.168Z
2024708451738538471,self_reported_returns,1,,2026-06-14T10:29:14.693Z
2024728042476851394,position_disclosure,1,,2026-06-14T10:29:14.974Z
2024768079641850150,position_disclosure,1,,2026-06-14T10:29:15.323Z
2024768079641850150,self_reported_returns,1,,2026-06-14T10:29:15.333Z
2024800666695442788,position_disclosure,1,,2026-06-14T10:29:15.833Z
2024985690711429282,victory_lap,1,,2026-06-14T10:29:17.237Z
2025112091967811613,self_reported_returns,1,,2026-06-14T10:29:17.923Z
2025112091967811613,victory_lap,1,,2026-06-14T10:29:17.931Z
2025112091967811613,position_disclosure,1,,2026-06-14T10:29:17.931Z
2025141674725544099,position_disclosure,1,,2026-06-14T10:29:18.065Z
2025281236521144343,position_disclosure,1,,2026-06-14T10:29:21.220Z
2025473355777016175,victory_lap,1,,2026-06-14T10:29:21.955Z
2025548194634256782,victory_lap,1,,2026-06-14T10:29:22.860Z
2025646961945465092,victory_lap,1,,2026-06-14T10:29:23.189Z
2025649869541769528,victory_lap,1,,2026-06-14T10:29:23.297Z
2026309516594438538,position_disclosure,1,,2026-06-14T10:29:30.295Z
2026309516594438538,self_reported_returns,1,,2026-06-14T10:29:30.314Z
2026341976942195152,self_reported_returns,1,,2026-06-14T10:29:33.258Z
2026351797267476615,victory_lap,1,,2026-06-14T10:29:33.709Z
2026500828606116348,victory_lap,1,,2026-06-14T10:29:34.884Z
2026503397780992346,victory_lap,1,,2026-06-14T10:29:34.988Z
2026565774857613477,self_reported_returns,1,,2026-06-14T10:29:36.999Z
2026565774857613477,victory_lap,1,,2026-06-14T10:29:37.004Z
2026638711941902461,position_disclosure,1,,2026-06-14T10:29:38.359Z
2026639505453887846,victory_lap,1,,2026-06-14T10:29:38.500Z
2026650013447954904,position_disclosure,1,,2026-06-14T10:29:38.730Z
2026663975145164937,position_disclosure,1,,2026-06-14T10:29:39.400Z
2026670930966229323,victory_lap,1,,2026-06-14T10:29:39.629Z
2026686065537610034,victory_lap,1,,2026-06-14T10:29:40.457Z
2026688361692553602,position_disclosure,1,,2026-06-14T10:29:40.553Z
2026688361692553602,self_reported_returns,1,,2026-06-14T10:29:40.553Z
2027068051749998875,victory_lap,1,,2026-06-14T10:29:42.402Z
2027080026051731630,position_disclosure,1,,2026-06-14T10:29:42.611Z
2027106275881079067,self_reported_returns,1,,2026-06-14T10:29:43.000Z
2027106275881079067,victory_lap,1,,2026-06-14T10:29:43.004Z
2027106275881079067,position_disclosure,1,,2026-06-14T10:29:43.004Z
2027106275881079067,influence_milestone,1,,2026-06-14T10:29:43.004Z
2027109558804722005,position_disclosure,1,,2026-06-14T10:29:43.103Z
2027109558804722005,self_reported_returns,1,,2026-06-14T10:29:43.103Z
2027115136058826854,victory_lap,1,,2026-06-14T10:29:43.546Z
2027290028507123781,victory_lap,1,,2026-06-14T10:29:45.290Z
2027318568728273305,position_disclosure,1,,2026-06-14T10:29:45.583Z
2027426866659996148,victory_lap,1,,2026-06-14T10:29:48.592Z
2027452420314566989,victory_lap,1,,2026-06-14T10:29:50.935Z
2027766785362301395,position_disclosure,1,,2026-06-14T10:29:57.303Z
2027834543341015477,position_disclosure,1,,2026-06-14T10:29:59.123Z
2027839956765515961,position_disclosure,1,,2026-06-14T10:29:59.503Z
2028097416273293518,victory_lap,1,,2026-06-14T10:30:01.132Z
2028099110310748607,position_disclosure,1,,2026-06-14T10:30:01.320Z
2028099110310748607,self_reported_returns,1,,2026-06-14T10:30:01.325Z
2028423645098610839,position_disclosure,1,,2026-06-14T10:30:04.868Z
2028455727996752242,position_disclosure,1,,2026-06-14T10:30:06.319Z
2028457265263710538,position_disclosure,1,,2026-06-14T10:30:06.516Z
2028457705095184603,position_disclosure,1,,2026-06-14T10:30:06.616Z
2028465895627186585,victory_lap,1,,2026-06-14T10:30:08.842Z
2028466487707754904,victory_lap,1,,2026-06-14T10:30:09.004Z
2028466487707754904,position_disclosure,1,,2026-06-14T10:30:09.004Z
2028470130628514077,victory_lap,1,,2026-06-14T10:30:10.064Z
2028472234101334515,victory_lap,1,,2026-06-14T10:30:10.237Z
2028479744434651470,position_disclosure,1,,2026-06-14T10:30:10.338Z
2028479744434651470,self_reported_returns,1,,2026-06-14T10:30:10.338Z
2028497913979302109,position_disclosure,1,,2026-06-14T10:30:10.860Z
2028514640976834995,victory_lap,1,,2026-06-14T10:30:11.894Z
2028520248891392461,position_disclosure,1,,2026-06-14T10:30:12.321Z
2028520248891392461,self_reported_returns,1,,2026-06-14T10:30:12.331Z
2028520248891392461,victory_lap,1,,2026-06-14T10:30:12.331Z
2028524172121719168,position_disclosure,1,,2026-06-14T10:30:13.407Z
2028537514747912643,position_disclosure,1,,2026-06-14T10:30:15.760Z
2028581366510870627,victory_lap,1,,2026-06-14T10:30:16.017Z
2029189271572365661,position_disclosure,1,,2026-06-14T10:30:22.492Z
2029190376318484559,victory_lap,1,,2026-06-14T10:30:22.636Z
2029192809220325680,victory_lap,1,,2026-06-14T10:30:22.728Z
2029208699471053061,victory_lap,1,,2026-06-14T10:30:22.948Z
2029221467377058088,position_disclosure,1,,2026-06-14T10:30:23.625Z
2029222223408738440,victory_lap,1,,2026-06-14T10:30:23.812Z
2029650868015091940,position_disclosure,1,,2026-06-14T10:30:28.689Z
2029664299313218015,influence_milestone,1,,2026-06-14T10:30:29.864Z
2029678374243946893,victory_lap,1,,2026-06-14T10:30:30.479Z
2029722189298368537,position_disclosure,1,,2026-06-14T10:30:32.083Z
2029722189298368537,self_reported_returns,1,,2026-06-14T10:30:32.106Z
2029995637895483889,position_disclosure,1,,2026-06-14T10:30:37.719Z
2030360849689497659,position_disclosure,1,,2026-06-14T10:30:43.831Z
2030362426601033785,position_disclosure,1,,2026-06-14T10:30:43.949Z
2030700123433619875,position_disclosure,1,,2026-06-14T10:30:54.373Z
2030701527388811709,position_disclosure,1,,2026-06-14T10:30:54.562Z
2030702563902083150,position_disclosure,1,,2026-06-14T10:30:54.662Z
2030761150292615564,position_disclosure,1,,2026-06-14T10:30:55.246Z
2030982945264333141,influence_milestone,1,,2026-06-14T10:30:57.205Z
2030982945264333141,victory_lap,1,,2026-06-14T10:30:57.217Z
2031079292474650686,victory_lap,1,,2026-06-14T10:30:59.697Z
2031255532951179459,position_disclosure,1,,2026-06-14T10:31:03.784Z
2031410155297058844,victory_lap,1,,2026-06-14T10:31:05.415Z
2031567544751108436,victory_lap,1,,2026-06-14T10:31:09.458Z
2031635402550055048,self_reported_returns,1,,2026-06-14T10:31:10.535Z
2031648475310616604,position_disclosure,1,,2026-06-14T10:31:10.837Z
2031753721152156011,victory_lap,1,,2026-06-14T10:31:13.532Z
2031802972917940427,position_disclosure,1,,2026-06-14T10:31:16.501Z
2031805039069839745,victory_lap,1,,2026-06-14T10:31:16.713Z
2031820871170736570,position_disclosure,1,,2026-06-14T10:31:18.033Z
2031896692283621696,position_disclosure,1,,2026-06-14T10:31:20.816Z
2031905410605850773,position_disclosure,1,,2026-06-14T10:31:21.274Z
2032178441064534389,position_disclosure,1,,2026-06-14T10:31:22.501Z
2032211057717158292,position_disclosure,1,,2026-06-14T10:31:24.710Z
2032243593906409668,victory_lap,1,,2026-06-14T10:31:26.578Z
2032474260179149056,position_disclosure,1,,2026-06-14T10:31:27.987Z
2032476428005220449,position_disclosure,1,,2026-06-14T10:31:28.107Z
2032476428005220449,self_reported_returns,1,,2026-06-14T10:31:28.107Z
2032476428005220449,victory_lap,1,,2026-06-14T10:31:28.107Z
2032479885244162388,victory_lap,1,,2026-06-14T10:31:28.212Z
2032556584493265238,position_disclosure,1,,2026-06-14T10:31:30.207Z
2032577275439485080,position_disclosure,1,,2026-06-14T10:31:31.840Z
2032582703149887843,position_disclosure,1,,2026-06-14T10:31:32.619Z
2032679725873901593,position_disclosure,1,,2026-06-14T10:31:34.925Z
2032685704183164936,position_disclosure,1,,2026-06-14T10:31:36.890Z
2032936784896856396,victory_lap,1,,2026-06-14T10:31:43.728Z
2032973550056014182,influence_milestone,1,,2026-06-14T10:31:44.552Z
2032973550056014182,solicitation,1,,2026-06-14T10:31:44.563Z
2033002597955903862,victory_lap,1,,2026-06-14T10:31:44.706Z
2033002597955903862,influence_milestone,1,,2026-06-14T10:31:44.706Z
2033466880661606646,position_disclosure,1,,2026-06-14T10:31:47.388Z
2033476573471359403,position_disclosure,1,,2026-06-14T10:31:47.567Z
2033501241758949863,victory_lap,1,,2026-06-14T10:31:49.622Z
2033512244244529396,position_disclosure,1,,2026-06-14T10:31:50.341Z
2033512244244529396,victory_lap,1,,2026-06-14T10:31:50.349Z
2033535833085718996,position_disclosure,1,,2026-06-14T10:31:51.561Z
2033643128390095328,position_disclosure,1,,2026-06-14T10:31:52.319Z
2033651209371013588,victory_lap,1,,2026-06-14T10:31:52.444Z
2033695716938551350,position_disclosure,1,,2026-06-14T10:31:52.967Z
2033723505347596610,self_reported_returns,1,,2026-06-14T10:31:53.370Z
2033723505347596610,victory_lap,1,,2026-06-14T10:31:53.383Z
2033724015794393383,position_disclosure,1,,2026-06-14T10:31:53.483Z
2034166166676230238,self_reported_returns,1,,2026-06-14T10:32:07.132Z
2034166166676230238,victory_lap,1,,2026-06-14T10:32:07.151Z
2034191042652885306,victory_lap,1,,2026-06-14T10:32:08.243Z
2034224630429630974,victory_lap,1,,2026-06-14T10:32:08.787Z
2034224630429630974,position_disclosure,1,,2026-06-14T10:32:08.801Z
2034237409093878030,victory_lap,1,,2026-06-14T10:32:08.916Z
2034342979507568672,position_disclosure,1,,2026-06-14T10:32:09.867Z
2034344634043011213,position_disclosure,1,,2026-06-14T10:32:10.082Z
2034422243594530857,self_reported_returns,1,,2026-06-14T10:32:10.870Z
2034422243594530857,position_disclosure,1,,2026-06-14T10:32:10.877Z
2034422243594530857,victory_lap,1,,2026-06-14T10:32:10.877Z
2034466447674798548,position_disclosure,1,,2026-06-14T10:32:12.977Z
2034584155036828052,position_disclosure,1,,2026-06-14T10:32:16.453Z
2034743349337628803,victory_lap,1,,2026-06-14T10:32:16.956Z
2034743349337628803,position_disclosure,1,,2026-06-14T10:32:16.963Z
2034746298226942000,position_disclosure,1,,2026-06-14T10:32:17.636Z
2034746913254465943,victory_lap,1,,2026-06-14T10:32:17.785Z
2034749604705837328,victory_lap,1,,2026-06-14T10:32:18.303Z
2034752613246542215,victory_lap,1,,2026-06-14T10:32:18.383Z
2034752613246542215,position_disclosure,1,,2026-06-14T10:32:18.383Z
2034773476104708107,self_reported_returns,1,,2026-06-14T10:32:18.653Z
2034783834563387542,self_reported_returns,1,,2026-06-14T10:32:18.887Z
2034922654717923578,position_disclosure,1,,2026-06-14T10:32:21.895Z
2034978307062845936,victory_lap,1,,2026-06-14T10:32:23.194Z
2034978307062845936,position_disclosure,1,,2026-06-14T10:32:23.197Z
2034978307062845936,self_reported_returns,1,,2026-06-14T10:32:23.197Z
2034984250655875526,position_disclosure,1,,2026-06-14T10:32:23.450Z
2034993411821117462,position_disclosure,1,,2026-06-14T10:32:23.672Z
2034998355311620146,position_disclosure,1,,2026-06-14T10:32:24.199Z
2035024400672768464,position_disclosure,1,,2026-06-14T10:32:25.411Z
2035190163392143518,victory_lap,1,,2026-06-14T10:32:26.058Z
2035387637171933636,influence_milestone,1,,2026-06-14T10:32:26.523Z
2035398579515441499,position_disclosure,1,,2026-06-14T10:32:26.965Z
2035398579515441499,paid_promotion_disclosure,1,,2026-06-14T10:32:26.988Z
2035553867442852076,position_disclosure,1,,2026-06-14T10:32:27.510Z
2035692768937603283,victory_lap,1,,2026-06-14T10:32:29.008Z
2035903801849499931,position_disclosure,1,,2026-06-14T10:32:31.733Z
2036028113826783740,position_disclosure,1,,2026-06-14T10:32:32.991Z
2036028113826783740,self_reported_returns,1,,2026-06-14T10:32:32.998Z
2036033259453460971,position_disclosure,1,,2026-06-14T10:32:33.286Z
2036085968319680677,position_disclosure,1,,2026-06-14T10:32:33.597Z
2036089423990042630,victory_lap,1,,2026-06-14T10:32:34.380Z
2036089423990042630,self_reported_returns,1,,2026-06-14T10:32:34.390Z
2036091463852048838,victory_lap,1,,2026-06-14T10:32:34.686Z
2036247612001804424,position_disclosure,1,,2026-06-14T10:32:38.030Z
2036293844489347486,position_disclosure,1,,2026-06-14T10:32:38.866Z
2036300779221557364,position_disclosure,1,,2026-06-14T10:32:39.007Z
2036300779221557364,self_reported_returns,1,,2026-06-14T10:32:39.007Z
2036470434221424647,position_disclosure,1,,2026-06-14T10:32:45.523Z
2036521794811883565,position_disclosure,1,,2026-06-14T10:32:48.571Z
2036792154463551658,victory_lap,1,,2026-06-14T10:32:55.832Z
2036794525000274273,victory_lap,1,,2026-06-14T10:32:55.931Z
2036801199073382422,position_disclosure,1,,2026-06-14T10:32:56.291Z
2036840136730935736,position_disclosure,1,,2026-06-14T10:32:56.850Z
2036852577720316281,position_disclosure,1,,2026-06-14T10:32:57.212Z
2036855404656033913,position_disclosure,1,,2026-06-14T10:32:58.253Z
2037027934125346976,victory_lap,1,,2026-06-14T10:32:58.517Z
2037028699519017435,position_disclosure,1,,2026-06-14T10:32:58.923Z
2037030031223119946,position_disclosure,1,,2026-06-14T10:32:59.062Z
2037061185263329434,position_disclosure,1,,2026-06-14T10:33:00.290Z
2037085574813942094,position_disclosure,1,,2026-06-14T10:33:01.394Z
2037091584563691858,position_disclosure,1,,2026-06-14T10:33:01.486Z
2037093084119646511,position_disclosure,1,,2026-06-14T10:33:01.587Z
2037204920433336345,position_disclosure,1,,2026-06-14T10:33:03.496Z
2037204920433336345,self_reported_returns,1,,2026-06-14T10:33:03.501Z
2037352339154280568,victory_lap,1,,2026-06-14T10:33:05.354Z
2037352339154280568,position_disclosure,1,,2026-06-14T10:33:05.359Z
2037355518075998209,victory_lap,1,,2026-06-14T10:33:06.060Z
2037387801285841118,position_disclosure,1,,2026-06-14T10:33:06.848Z
2037503648520179834,position_disclosure,1,,2026-06-14T10:33:10.807Z
2037506687888949717,position_disclosure,1,,2026-06-14T10:33:11.170Z
2037715698592719312,self_reported_returns,1,,2026-06-14T10:33:14.443Z
2037715698592719312,position_disclosure,1,,2026-06-14T10:33:14.448Z
2037716504947642852,position_disclosure,1,,2026-06-14T10:33:14.585Z
2037735842316419375,position_disclosure,1,,2026-06-14T10:33:15.349Z
2037741312787853791,position_disclosure,1,,2026-06-14T10:33:15.479Z
2038163974437659019,position_disclosure,1,,2026-06-14T10:33:31.145Z
2038620067135713761,position_disclosure,1,,2026-06-14T10:33:42.148Z
2038672101717274941,position_disclosure,1,,2026-06-14T10:33:43.730Z
2038887746660651464,position_disclosure,1,,2026-06-14T10:33:45.248Z
2038919845623017874,victory_lap,1,,2026-06-14T10:33:46.511Z
2038923184750387468,victory_lap,1,,2026-06-14T10:33:46.630Z
2038968291180646413,victory_lap,1,,2026-06-14T10:33:49.941Z
2039176628727939472,influence_milestone,1,,2026-06-14T10:33:53.384Z
2039184416497709112,position_disclosure,1,,2026-06-14T10:33:53.533Z
2039248989946794374,self_reported_returns,1,,2026-06-14T10:33:54.094Z
2039263958549626883,victory_lap,1,,2026-06-14T10:33:57.770Z
2039894556871913726,paid_promotion_disclosure,1,,2026-06-14T10:34:08.813Z
2040023134095471044,self_reported_returns,1,,2026-06-14T10:34:09.922Z
2040023134095471044,victory_lap,1,,2026-06-14T10:34:09.937Z
2040500149877891563,victory_lap,1,,2026-06-14T10:34:12.704Z
2040500149877891563,position_disclosure,1,,2026-06-14T10:34:12.713Z
2040500149877891563,self_reported_returns,1,,2026-06-14T10:34:12.716Z
2041089649276583949,position_disclosure,1,,2026-06-14T10:34:20.460Z
2041168871168545115,position_disclosure,1,,2026-06-14T10:34:21.171Z
2041249789195813291,position_disclosure,1,,2026-06-14T10:34:21.622Z
2041260399270781018,position_disclosure,1,,2026-06-14T10:34:22.026Z
2041545598164443378,position_disclosure,1,,2026-06-14T10:34:27.585Z
2041548512937259306,position_disclosure,1,,2026-06-14T10:34:27.819Z
2041652574450004339,victory_lap,1,,2026-06-14T10:34:33.021Z
2041652574450004339,position_disclosure,1,,2026-06-14T10:34:33.033Z
2041716775663055142,victory_lap,1,,2026-06-14T10:34:34.624Z
2041879203323297966,victory_lap,1,,2026-06-14T10:34:37.384Z
2041889308416839808,position_disclosure,1,,2026-06-14T10:34:38.512Z
2041916656944083188,victory_lap,1,,2026-06-14T10:34:38.954Z
2041922561257468329,position_disclosure,1,,2026-06-14T10:34:39.137Z
2041929392331616431,influence_milestone,1,,2026-06-14T10:34:39.267Z
2041940759457493433,victory_lap,1,,2026-06-14T10:34:39.403Z
2041941953290629510,position_disclosure,1,,2026-06-14T10:34:39.521Z
2042195959187439634,victory_lap,1,,2026-06-14T10:34:46.691Z
2042345236354265271,position_disclosure,1,,2026-06-14T10:34:47.461Z
2042400195607216431,self_reported_returns,1,,2026-06-14T10:34:48.023Z
2042400195607216431,position_disclosure,1,,2026-06-14T10:34:48.037Z
2042405405339631908,victory_lap,1,,2026-06-14T10:34:48.179Z
2042510129262985393,position_disclosure,1,,2026-06-14T10:34:52.397Z
2042510129262985393,self_reported_returns,1,,2026-06-14T10:34:52.404Z
2042526193375940878,position_disclosure,1,,2026-06-14T10:34:52.558Z
2042528062685008022,position_disclosure,1,,2026-06-14T10:34:52.692Z
2042528062685008022,self_reported_returns,1,,2026-06-14T10:34:52.692Z
2042549185095045231,position_disclosure,1,,2026-06-14T10:34:53.659Z
2042637535051157857,victory_lap,1,,2026-06-14T10:34:55.096Z
2042701873833218352,victory_lap,1,,2026-06-14T10:34:56.865Z
2042701873833218352,self_reported_returns,1,,2026-06-14T10:34:56.872Z
2042709070835257619,self_reported_returns,1,,2026-06-14T10:34:56.992Z
2042856101939712444,self_reported_returns,1,,2026-06-14T10:34:58.328Z
2042856101939712444,victory_lap,1,,2026-06-14T10:34:58.335Z
2042856101939712444,influence_milestone,1,,2026-06-14T10:34:58.335Z
2043005647424491596,position_disclosure,1,,2026-06-14T10:34:59.650Z
2043096081060504057,victory_lap,1,,2026-06-14T10:34:59.816Z
2043315043455176826,victory_lap,1,,2026-06-14T10:34:59.976Z
2043315043455176826,self_reported_returns,1,,2026-06-14T10:34:59.976Z
2043315942944633215,victory_lap,1,,2026-06-14T10:35:00.080Z
2043335950013809132,position_disclosure,1,,2026-06-14T10:35:01.416Z
2043335950013809132,self_reported_returns,1,,2026-06-14T10:35:01.426Z
2043406282737221947,position_disclosure,1,,2026-06-14T10:35:01.931Z
2043406282737221947,paid_promotion_disclosure,1,,2026-06-14T10:35:01.931Z
2043528404063166599,position_disclosure,1,,2026-06-14T10:35:03.358Z
2043592728270061741,position_disclosure,1,,2026-06-14T10:35:04.366Z
2043701659621290047,position_disclosure,1,,2026-06-14T10:35:05.461Z
2043724212159025534,victory_lap,1,,2026-06-14T10:35:06.229Z
2043734433405243696,victory_lap,1,,2026-06-14T10:35:07.333Z
2043734433405243696,self_reported_returns,1,,2026-06-14T10:35:07.335Z
2043906518026989817,position_disclosure,1,,2026-06-14T10:35:07.954Z
2044183312533770427,victory_lap,1,,2026-06-14T10:35:10.489Z
2044279346945503600,position_disclosure,1,,2026-06-14T10:35:10.862Z
2044460526017941554,victory_lap,1,,2026-06-14T10:35:13.544Z
2044460526017941554,self_reported_returns,1,,2026-06-14T10:35:13.554Z
2044483730027503987,self_reported_returns,1,,2026-06-14T10:35:14.940Z
2044491122161160517,victory_lap,1,,2026-06-14T10:35:15.090Z
2044507444962070817,self_reported_returns,1,,2026-06-14T10:35:16.147Z
2044547331891335482,position_disclosure,1,,2026-06-14T10:35:17.001Z
2044684536311918647,position_disclosure,1,,2026-06-14T10:35:21.513Z
2044684536311918647,self_reported_returns,1,,2026-06-14T10:35:21.529Z
2044801509276422242,position_disclosure,1,,2026-06-14T10:35:23.424Z
2044822095931306149,victory_lap,1,,2026-06-14T10:35:23.509Z
2044822095931306149,self_reported_returns,1,,2026-06-14T10:35:23.509Z
2044830468299010144,position_disclosure,1,,2026-06-14T10:35:23.949Z
2044862572088922469,victory_lap,1,,2026-06-14T10:35:24.202Z
2044862572088922469,position_disclosure,1,,2026-06-14T10:35:24.202Z
2044864469667607009,victory_lap,1,,2026-06-14T10:35:24.294Z
2044958395485311178,position_disclosure,1,,2026-06-14T10:35:24.928Z
2045160542256656611,victory_lap,1,,2026-06-14T10:35:25.363Z
2045160542256656611,self_reported_returns,1,,2026-06-14T10:35:25.367Z
2045175383210000444,victory_lap,1,,2026-06-14T10:35:26.231Z
2045175383210000444,position_disclosure,1,,2026-06-14T10:35:26.236Z
2045187976582615076,victory_lap,1,,2026-06-14T10:35:26.937Z
2045199509807112202,position_disclosure,1,,2026-06-14T10:35:27.518Z
2045228954584481951,victory_lap,1,,2026-06-14T10:35:27.604Z
2045228954584481951,self_reported_returns,1,,2026-06-14T10:35:27.604Z
2045570512034910342,position_disclosure,1,,2026-06-14T10:35:28.974Z
2045723587966107858,victory_lap,1,,2026-06-14T10:35:31.560Z
2045726241421234499,position_disclosure,1,,2026-06-14T10:35:31.695Z
2045935509797843372,victory_lap,1,,2026-06-14T10:35:32.242Z
2045965735386820934,victory_lap,1,,2026-06-14T10:35:32.756Z
2045984938747646415,victory_lap,1,,2026-06-14T10:35:33.488Z
2046006396559450580,victory_lap,1,,2026-06-14T10:35:35.686Z
2046006396559450580,position_disclosure,1,,2026-06-14T10:35:35.708Z
2046126923328397512,victory_lap,1,,2026-06-14T10:35:37.369Z
2046173276473614388,position_disclosure,1,,2026-06-14T10:35:37.623Z
2046175717361324192,position_disclosure,1,,2026-06-14T10:35:37.772Z
2046183656772005982,position_disclosure,1,,2026-06-14T10:35:37.864Z
2046288211136442856,position_disclosure,1,,2026-06-14T10:35:38.983Z
2046296091461869737,position_disclosure,1,,2026-06-14T10:35:39.593Z
2046333897202692142,victory_lap,1,,2026-06-14T10:35:41.883Z
2046396643009040624,position_disclosure,1,,2026-06-14T10:35:43.001Z
2046408704573292659,victory_lap,1,,2026-06-14T10:35:43.296Z
2046434201428492317,position_disclosure,1,,2026-06-14T10:35:43.805Z
2046449839626670369,position_disclosure,1,,2026-06-14T10:35:44.079Z
2046620208387981538,position_disclosure,1,,2026-06-14T10:35:45.356Z
2046665249001210173,position_disclosure,1,,2026-06-14T10:35:45.758Z
2046884581471928778,victory_lap,1,,2026-06-14T10:35:46.372Z
2046919415590228475,position_disclosure,1,,2026-06-14T10:35:48.689Z
2047019381637677061,position_disclosure,1,,2026-06-14T10:35:48.887Z
2047021810550763603,position_disclosure,1,,2026-06-14T10:35:49.029Z
2047022399246475331,position_disclosure,1,,2026-06-14T10:35:49.178Z
2047030798554132901,position_disclosure,1,,2026-06-14T10:35:50.687Z
2047086440757309492,position_disclosure,1,,2026-06-14T10:35:51.600Z
2047222249607111062,victory_lap,1,,2026-06-14T10:35:55.267Z
2047230186739900428,position_disclosure,1,,2026-06-14T10:35:55.672Z
2047485717341987232,influence_milestone,1,,2026-06-14T10:35:58.387Z
2047520460884353096,victory_lap,1,,2026-06-14T10:35:58.517Z
2047705901486985666,victory_lap,1,,2026-06-14T10:36:01.009Z
2047707424703049809,position_disclosure,1,,2026-06-14T10:36:01.170Z
2047707424703049809,self_reported_returns,1,,2026-06-14T10:36:01.173Z
2047711415994376288,position_disclosure,1,,2026-06-14T10:36:01.317Z
2047711415994376288,self_reported_returns,1,,2026-06-14T10:36:01.317Z
2047729405309640899,position_disclosure,1,,2026-06-14T10:36:01.569Z
2047814562330943910,victory_lap,1,,2026-06-14T10:36:02.397Z
2048083218080121211,victory_lap,1,,2026-06-14T10:36:02.912Z
2048090023925555240,victory_lap,1,,2026-06-14T10:36:03.420Z
2048123597223579736,victory_lap,1,,2026-06-14T10:36:03.851Z
2048137369405325468,victory_lap,1,,2026-06-14T10:36:05.295Z
2048145617776705681,victory_lap,1,,2026-06-14T10:36:05.424Z
2048270427571851368,influence_milestone,1,,2026-06-14T10:36:06.154Z
2048687868919611836,position_disclosure,1,,2026-06-14T10:36:14.043Z
2048819178443083852,position_disclosure,1,,2026-06-14T10:36:18.222Z
2048822871527682152,victory_lap,1,,2026-06-14T10:36:18.436Z
2048849877392928799,position_disclosure,1,,2026-06-14T10:36:19.344Z
2048914800533721376,position_disclosure,1,,2026-06-14T10:36:19.604Z
2048938697157145051,self_reported_returns,1,,2026-06-14T10:36:21.275Z
2049227875812045146,victory_lap,1,,2026-06-14T10:36:24.866Z
2049528030171988163,position_disclosure,1,,2026-06-14T10:36:27.677Z
2049607774024368513,position_disclosure,1,,2026-06-14T10:36:31.540Z
2049648568743682508,position_disclosure,1,,2026-06-14T10:36:33.238Z
2049655082250314014,position_disclosure,1,,2026-06-14T10:36:33.454Z
2049775164184055998,victory_lap,1,,2026-06-14T10:36:35.130Z
2049775164184055998,position_disclosure,1,,2026-06-14T10:36:35.139Z
2049776855612571883,victory_lap,1,,2026-06-14T10:36:35.281Z
2049920512105816146,position_disclosure,1,,2026-06-14T10:36:36.485Z
2049943483243475102,victory_lap,1,,2026-06-14T10:36:37.182Z
2049949682022203738,position_disclosure,1,,2026-06-14T10:36:37.917Z
2049956624480276628,position_disclosure,1,,2026-06-14T10:36:39.015Z
2050031111103984072,position_disclosure,1,,2026-06-14T10:36:41.354Z
2050093551313469467,position_disclosure,1,,2026-06-14T10:36:42.714Z
2050095622641144280,victory_lap,1,,2026-06-14T10:36:43.177Z
2050102279693635707,victory_lap,1,,2026-06-14T10:36:44.293Z
2050237030828052862,victory_lap,1,,2026-06-14T10:36:44.478Z
2050265078965182518,position_disclosure,1,,2026-06-14T10:36:45.531Z
2050265078965182518,self_reported_returns,1,,2026-06-14T10:36:45.543Z
2050462731149730222,position_disclosure,1,,2026-06-14T10:36:46.208Z
2050472995014222060,victory_lap,1,,2026-06-14T10:36:46.324Z
2050477239234646381,position_disclosure,1,,2026-06-14T10:36:46.500Z
2050477239234646381,self_reported_returns,1,,2026-06-14T10:36:46.510Z
2050790690591048002,victory_lap,1,,2026-06-14T10:36:48.976Z
2051099481693954525,position_disclosure,1,,2026-06-14T10:36:54.412Z
2051105661220774266,position_disclosure,1,,2026-06-14T10:36:54.697Z
2051202378058346567,victory_lap,1,,2026-06-14T10:36:55.353Z
2051320929788231690,victory_lap,1,,2026-06-14T10:36:56.272Z
2051322315649290619,victory_lap,1,,2026-06-14T10:36:56.360Z
2051348607966875919,victory_lap,1,,2026-06-14T10:36:56.487Z
2051474492648767626,position_disclosure,1,,2026-06-14T10:36:58.085Z
2051571231590379708,victory_lap,1,,2026-06-14T10:36:59.315Z
2051629829674729592,victory_lap,1,,2026-06-14T10:37:01.051Z
2051796147031949708,position_disclosure,1,,2026-06-14T10:37:01.837Z
2051801908344771022,position_disclosure,1,,2026-06-14T10:37:03.201Z
2051848666588303758,victory_lap,1,,2026-06-14T10:37:06.017Z
2051863264624353314,position_disclosure,1,,2026-06-14T10:37:06.191Z
2052095835903852564,victory_lap,1,,2026-06-14T10:37:07.649Z
2052105838396084622,victory_lap,1,,2026-06-14T10:37:07.861Z
2052126435721318528,victory_lap,1,,2026-06-14T10:37:07.977Z
2052126435721318528,self_reported_returns,1,,2026-06-14T10:37:07.977Z
2052184498620834237,position_disclosure,1,,2026-06-14T10:37:08.341Z
2052308880961810532,position_disclosure,1,,2026-06-14T10:37:11.516Z
2052325056429384165,victory_lap,1,,2026-06-14T10:37:12.253Z
2052441634521153685,position_disclosure,1,,2026-06-14T10:37:12.983Z
2052447388972044759,victory_lap,1,,2026-06-14T10:37:13.410Z
2052454501265875027,position_disclosure,1,,2026-06-14T10:37:13.604Z
2052593835440771114,influence_milestone,1,,2026-06-14T10:37:15.142Z
2052698113874518527,victory_lap,1,,2026-06-14T10:37:16.887Z
2052809650127708563,victory_lap,1,,2026-06-14T10:37:19.325Z
2053270948414099915,victory_lap,1,,2026-06-14T10:37:23.496Z
2053270948414099915,position_disclosure,1,,2026-06-14T10:37:23.506Z
2053270948414099915,self_reported_returns,1,,2026-06-14T10:37:23.506Z
2053274086370050107,position_disclosure,1,,2026-06-14T10:37:23.652Z
2053274086370050107,self_reported_returns,1,,2026-06-14T10:37:23.652Z
2053312357284360212,victory_lap,1,,2026-06-14T10:37:24.222Z
2053377238532329611,victory_lap,1,,2026-06-14T10:37:24.364Z
2053643213723013507,position_disclosure,1,,2026-06-14T10:37:24.703Z
2053750731103150472,victory_lap,1,,2026-06-14T10:37:25.503Z
2053750731103150472,self_reported_returns,1,,2026-06-14T10:37:25.511Z
2053794972663754849,victory_lap,1,,2026-06-14T10:37:26.491Z
2053857864637436221,victory_lap,1,,2026-06-14T10:37:29.502Z
2053859471076753440,position_disclosure,1,,2026-06-14T10:37:29.670Z
2053859779035185310,victory_lap,1,,2026-06-14T10:37:29.774Z
2053980270135738816,position_disclosure,1,,2026-06-14T10:37:30.798Z
2054041196104966647,position_disclosure,1,,2026-06-14T10:37:31.608Z
2054076086452162675,position_disclosure,1,,2026-06-14T10:37:35.951Z
2054198288556109906,position_disclosure,1,,2026-06-14T10:37:38.259Z
2054319443770221015,victory_lap,1,,2026-06-14T10:37:38.950Z
2054319443770221015,position_disclosure,1,,2026-06-14T10:37:38.963Z
2054365028820881794,position_disclosure,1,,2026-06-14T10:37:39.562Z
2054427309265019080,position_disclosure,1,,2026-06-14T10:37:43.496Z
2054527095066566725,victory_lap,1,,2026-06-14T10:37:47.565Z
2054583956167877111,victory_lap,1,,2026-06-14T10:37:48.387Z
2054592898042380788,victory_lap,1,,2026-06-14T10:37:48.505Z
2054592898042380788,position_disclosure,1,,2026-06-14T10:37:48.505Z
2054677575059079440,victory_lap,1,,2026-06-14T10:37:48.648Z
2054679529222987831,victory_lap,1,,2026-06-14T10:37:48.782Z
2055107276575588612,position_disclosure,1,,2026-06-14T10:37:53.852Z
2055110412375621643,position_disclosure,1,,2026-06-14T10:37:54.096Z
2055379668195561657,victory_lap,1,,2026-06-14T10:37:57.442Z
2055401446397690311,self_reported_returns,1,,2026-06-14T10:37:57.731Z
2055401446397690311,victory_lap,1,,2026-06-14T10:37:57.736Z
2055405163092066719,position_disclosure,1,,2026-06-14T10:37:57.940Z
2055405163092066719,self_reported_returns,1,,2026-06-14T10:37:57.940Z
2055797412053070128,influence_milestone,1,,2026-06-14T10:37:58.427Z
2056036968220528767,position_disclosure,1,,2026-06-14T10:38:00.558Z
2056152808576233954,position_disclosure,1,,2026-06-14T10:38:00.678Z
2056157639760126294,victory_lap,1,,2026-06-14T10:38:00.843Z
2056255865448247311,victory_lap,1,,2026-06-14T10:38:01.410Z
2056558267896311996,position_disclosure,1,,2026-06-14T10:38:02.221Z
2056594930232135705,victory_lap,1,,2026-06-14T10:38:02.461Z
2057063548115902967,position_disclosure,1,,2026-06-14T10:38:10.611Z
2057132829583274036,victory_lap,1,,2026-06-14T10:38:12.595Z
2057133389485162877,position_disclosure,1,,2026-06-14T10:38:12.752Z
2057148026494570542,position_disclosure,1,,2026-06-14T10:38:12.890Z
2057311452453831018,position_disclosure,1,,2026-06-14T10:38:13.147Z
2057516027479814380,victory_lap,1,,2026-06-14T10:38:15.367Z
2058002991886844357,victory_lap,1,,2026-06-14T10:38:19.073Z
2058005989958562022,victory_lap,1,,2026-06-14T10:38:19.200Z
2058230354063102028,self_reported_returns,1,,2026-06-14T10:38:22.114Z
2058230354063102028,victory_lap,1,,2026-06-14T10:38:22.114Z
2058374522353672558,victory_lap,1,,2026-06-14T10:38:22.854Z
2058839070122688829,victory_lap,1,,2026-06-14T10:38:34.691Z
2058839070122688829,influence_milestone,1,,2026-06-14T10:38:34.710Z
2058912911243018331,position_disclosure,1,,2026-06-14T10:38:36.402Z
2058912911243018331,self_reported_returns,1,,2026-06-14T10:38:36.419Z
2058943283234316632,victory_lap,1,,2026-06-14T10:38:36.796Z
2059160035117216106,victory_lap,1,,2026-06-14T10:38:41.211Z
2059160035117216106,self_reported_returns,1,,2026-06-14T10:38:41.221Z
2059275538007835018,position_disclosure,1,,2026-06-14T10:38:42.763Z
2059280575203328398,victory_lap,1,,2026-06-14T10:38:43.001Z
2059306154787062194,victory_lap,1,,2026-06-14T10:38:43.126Z
2059306154787062194,influence_milestone,1,,2026-06-14T10:38:43.134Z
2059321059812483077,victory_lap,1,,2026-06-14T10:38:43.279Z
2059479203746296219,influence_milestone,1,,2026-06-14T10:38:43.513Z
2059537337324085541,position_disclosure,1,,2026-06-14T10:38:44.900Z
2059617015493497067,victory_lap,1,,2026-06-14T10:38:46.747Z
2059646212803051722,victory_lap,1,,2026-06-14T10:38:48.116Z
2059648036364767315,victory_lap,1,,2026-06-14T10:38:48.359Z
2059648878698484069,victory_lap,1,,2026-06-14T10:38:48.509Z
2059787211537821717,victory_lap,1,,2026-06-14T10:38:49.626Z
2059848338028241193,position_disclosure,1,,2026-06-14T10:38:50.717Z
2059966004588085321,victory_lap,1,,2026-06-14T10:38:51.971Z
2059976773190946940,victory_lap,1,,2026-06-14T10:38:52.418Z
2059977635061706817,victory_lap,1,,2026-06-14T10:38:52.548Z
2059981363684802708,victory_lap,1,,2026-06-14T10:38:52.643Z
2059989579919401449,influence_milestone,1,,2026-06-14T10:38:52.731Z
2060045781881725424,victory_lap,1,,2026-06-14T10:38:53.772Z
2060060904713261186,position_disclosure,1,,2026-06-14T10:38:54.531Z
2060060904713261186,self_reported_returns,1,,2026-06-14T10:38:54.540Z
2060068635159478351,position_disclosure,1,,2026-06-14T10:38:55.054Z
2060075363779366918,position_disclosure,1,,2026-06-14T10:38:55.389Z
2060628856445501924,influence_milestone,1,,2026-06-14T10:39:03.194Z
2060633424151679287,victory_lap,1,,2026-06-14T10:39:03.316Z
2061233888454988260,position_disclosure,1,,2026-06-14T10:39:06.185Z
2061466217911853429,position_disclosure,1,,2026-06-14T10:39:10.992Z
2061466217911853429,victory_lap,1,,2026-06-14T10:39:11.001Z
2061470490083143996,position_disclosure,1,,2026-06-14T10:39:11.460Z
2061470490083143996,self_reported_returns,1,,2026-06-14T10:39:11.470Z
2061671824388403368,position_disclosure,1,,2026-06-14T10:39:14.572Z
2061806782226604188,position_disclosure,1,,2026-06-14T10:39:15.703Z
2061914361120362678,position_disclosure,1,,2026-06-14T10:39:16.359Z
2061980916323598838,position_disclosure,1,,2026-06-14T10:39:17.548Z
2062059271060349423,position_disclosure,1,,2026-06-14T10:39:18.995Z
2062059271060349423,self_reported_returns,1,,2026-06-14T10:39:19.004Z
2062116398210703462,victory_lap,1,,2026-06-14T10:39:23.493Z
2062127364482720087,influence_milestone,1,,2026-06-14T10:39:23.843Z
2062333495780020566,position_disclosure,1,,2026-06-14T10:39:26.203Z
2062356877430902817,position_disclosure,1,,2026-06-14T10:39:27.534Z
2062724802159522032,position_disclosure,1,,2026-06-14T10:39:33.047Z
2062744101393715325,position_disclosure,1,,2026-06-14T10:39:33.329Z
2062824314655982037,victory_lap,1,,2026-06-14T10:39:33.600Z
2062916125235831046,position_disclosure,1,,2026-06-14T10:39:40.317Z
2063235166336856251,position_disclosure,1,,2026-06-14T10:39:42.256Z
2063984786918854663,victory_lap,1,,2026-06-14T10:39:48.252Z
2063990145293168854,victory_lap,1,,2026-06-14T10:39:48.827Z
2064166305960526043,position_disclosure,1,,2026-06-14T10:39:49.671Z
2064237083510952402,position_disclosure,1,,2026-06-14T10:39:50.221Z
2064265545529307560,position_disclosure,1,,2026-06-14T10:39:51.011Z
2064265545529307560,paid_promotion_disclosure,1,,2026-06-14T10:39:51.025Z
2064314680521507114,position_disclosure,1,,2026-06-14T10:39:55.641Z
2064316855154884671,position_disclosure,1,,2026-06-14T10:39:55.994Z
2064345296226890026,victory_lap,1,,2026-06-14T10:39:56.412Z
2064714994403742179,position_disclosure,1,,2026-06-14T10:39:59.304Z
2064910057767309551,self_reported_returns,1,,2026-06-14T10:39:59.962Z
2064910057767309551,position_disclosure,1,,2026-06-14T10:39:59.972Z
2064992691902140603,position_disclosure,1,,2026-06-14T10:40:00.764Z
2065263747418165537,victory_lap,1,,2026-06-14T10:40:04.222Z
2065289672356745561,victory_lap,1,,2026-06-14T10:40:05.378Z
2065333919252418913,position_disclosure,1,,2026-06-14T10:40:06.117Z
1976771236215808119,position_disclosure,1,,2026-06-14T12:58:01.858Z
1982931539836187074,position_disclosure,1,,2026-06-14T12:58:03.584Z
2017290890247840117,position_disclosure,1,,2026-06-14T12:58:06.646Z
2032929794275553400,position_disclosure,1,,2026-06-14T12:58:09.655Z
2034916899021365725,self_reported_returns,1,,2026-06-14T12:58:09.816Z
2034916899021365725,position_disclosure,1,,2026-06-14T12:58:09.819Z
2059634164912226613,position_disclosure,1,,2026-06-14T12:58:10.255Z
